{
  "total_jobs": 420,
  "last_update": "2026-02-19",
  "new_jobs_today": 22,
  "updated_jobs_today": 44,
  "deleted_jobs_today": 20,
  "platform_stats": {
    "51job": {
      "count": 133,
      "avg_salary": 61.3
    },
    "Boss直聘": {
      "count": 143,
      "avg_salary": 64.2
    },
    "猎聘网": {
      "count": 144,
      "avg_salary": 63.7
    }
  },
  "city_stats": {
    "北京": {
      "count": 36,
      "avg_salary": 63.3
    },
    "上海": {
      "count": 44,
      "avg_salary": 75.3
    },
    "广州": {
      "count": 39,
      "avg_salary": 57.1
    },
    "深圳": {
      "count": 29,
      "avg_salary": 76.1
    },
    "杭州": {
      "count": 45,
      "avg_salary": 56.8
    },
    "成都": {
      "count": 40,
      "avg_salary": 50.9
    },
    "南京": {
      "count": 58,
      "avg_salary": 60.3
    },
    "武汉": {
      "count": 51,
      "avg_salary": 65.8
    },
    "西安": {
      "count": 44,
      "avg_salary": 55.2
    },
    "苏州": {
      "count": 34,
      "avg_salary": 76.4
    }
  },
  "skill_stats": {
    "PyTorch": 112,
    "基因组学": 106,
    "计算机视觉": 109,
    "SQL": 109,
    "Spark": 97,
    "药物研发": 107,
    "数据分析": 116,
    "分子生物学": 122,
    "机器学习": 88,
    "临床知识": 117,
    "R语言": 106,
    "NLP": 100,
    "Python": 109,
    "医学影像": 117,
    "TensorFlow": 113,
    "生物信息学": 95,
    "统计建模": 85,
    "深度学习": 105
  },
  "experience_stats": {
    "应届": {
      "count": 87,
      "avg_salary": 24.5
    },
    "1-3年": {
      "count": 71,
      "avg_salary": 33.2
    },
    "3-5年": {
      "count": 95,
      "avg_salary": 47.9
    },
    "5-10年": {
      "count": 82,
      "avg_salary": 76.4
    },
    "10年以上": {
      "count": 85,
      "avg_salary": 131.6
    }
  },
  "salary_distribution": {
    "15-25K": 57,
    "25-35K": 72,
    "35-50K": 88,
    "50-70K": 67,
    "70-100K": 60,
    "100K+": 76
  },
  "salary_distribution_detail": {
    "35-50K": {
      "count": 88,
      "top_city": "南京",
      "top_city_count": 18,
      "top_title": "AI药物研发工程师",
      "top_title_count": 14
    },
    "50-70K": {
      "count": 67,
      "top_city": "苏州",
      "top_city_count": 9,
      "top_title": "AI药物研发工程师",
      "top_title_count": 9
    },
    "70-100K": {
      "count": 60,
      "top_city": "武汉",
      "top_city_count": 12,
      "top_title": "智能健康管理师",
      "top_title_count": 7
    },
    "100K+": {
      "count": 76,
      "top_city": "上海",
      "top_city_count": 13,
      "top_title": "医疗机器学习工程师",
      "top_title_count": 8
    },
    "15-25K": {
      "count": 57,
      "top_city": "成都",
      "top_city_count": 12,
      "top_title": "健康数据分析员",
      "top_title_count": 7
    },
    "25-35K": {
      "count": 72,
      "top_city": "上海",
      "top_city_count": 12,
      "top_title": "医疗AI产品经理",
      "top_title_count": 7
    }
  }
}